Package,Built
abind,4.3.0
ape,4.3.0
askpass,4.3.0
assertthat,4.3.0
backports,4.3.0
base64enc,4.3.0
bit,4.3.0
bit64,4.3.0
bitops,4.3.0
brew,4.3.0
brio,4.3.0
bslib,4.3.0
cachem,4.3.0
callr,4.3.0
classInt,4.3.0
cli,4.3.0
clipr,4.3.0
collections,4.3.0
colorspace,4.3.1
commonmark,4.3.0
cpp11,4.3.0
crayon,4.3.0
credentials,4.3.0
crosstalk,4.3.0
curl,4.3.1
cyclocomp,4.3.0
data.table,4.3.0
DBI,4.3.0
desc,4.3.0
devtools,4.3.0
diffobj,4.3.0
digest,4.3.0
downlit,4.3.0
dplyr,4.3.1
e1071,4.3.0
ellipsis,4.3.0
evaluate,4.3.0
fansi,4.3.1
farver,4.3.1
fastmap,4.3.0
fontawesome,4.3.0
freesurfer,4.3.1
fs,4.3.0
generics,4.3.1
geojsonsf,4.3.0
geometries,4.3.0
geomorph,4.3.0
gert,4.3.0
ggforce,4.3.0
ggplot2,4.3.1
ggraph,4.3.0
ggrepel,4.3.1
ggseg,4.3.1
ggseg3d,4.3.1
ggsegExtra,4.3.1
gh,4.3.0
gitcreds,4.3.0
glue,4.3.0
graphlayouts,4.3.0
gridExtra,4.3.1
gtable,4.3.1
here,4.3.0
highr,4.3.0
hms,4.3.0
htmltools,4.3.0
htmlwidgets,4.3.0
httpuv,4.3.0
httr,4.3.1
httr2,4.3.0
hunspell,4.3.0
igraph,4.3.0
ini,4.3.0
isoband,4.3.1
janitor,4.3.0
jpeg,4.3.0
jquerylib,4.3.0
jsonify,4.3.0
jsonlite,4.3.0
knitr,4.3.0
labeling,4.3.1
languageserver,4.3.0
later,4.3.0
lazyeval,4.3.0
lifecycle,4.3.0
lintr,4.3.0
lubridate,4.3.0
lwgeom,4.3.0
magick,4.3.0
magrittr,4.3.0
markdown,4.3.0
matrixStats,4.3.0
memoise,4.3.0
mime,4.3.1
miniUI,4.3.0
munsell,4.3.1
neurobase,4.3.0
openssl,4.3.1
oro.nifti,4.3.0
pak,4.3.0
parsedate,4.3.0
pbmcapply,4.3.0
pillar,4.3.1
pkgbuild,4.3.0
pkgconfig,4.3.1
pkgdown,4.3.0
pkgload,4.3.0
plotly,4.3.0
plyr,4.3.0
polyclip,4.3.1
praise,4.3.0
prettyunits,4.3.0
processx,4.3.0
profvis,4.3.0
progress,4.3.0
promises,4.3.0
proxy,4.3.0
ps,4.3.0
purrr,4.3.0
R.cache,4.3.0
R.methodsS3,4.3.0
R.oo,4.3.0
R.utils,4.3.0
R6,4.3.0
ragg,4.3.0
rapidjsonr,4.3.0
rappdirs,4.3.0
raster,4.3.0
rcmdcheck,4.3.0
RColorBrewer,4.3.1
Rcpp,4.3.1
RcppArmadillo,4.3.0
RcppEigen,4.3.0
readr,4.3.0
rematch,4.3.0
rematch2,4.3.0
remotes,4.3.0
renv,4.3.0
reshape2,4.3.0
rex,4.3.0
rgdal,4.3.0
rgl,4.3.0
rhub,4.3.0
rlang,4.3.0
rmapshaper,4.3.0
rmarkdown,4.3.0
RNifti,4.3.0
roxygen2,4.3.0
rprojroot,4.3.0
RRPP,4.3.0
rstudioapi,4.3.0
rversions,4.3.0
rvest,4.3.1
s2,4.3.0
sass,4.3.0
scales,4.3.1
scholar,4.3.0
selectr,4.3.1
sessioninfo,4.3.0
sf,4.3.0
sfheaders,4.3.0
shiny,4.3.0
smoothr,4.3.0
snakecase,4.3.0
sourcetools,4.3.0
sp,4.3.0
spelling,4.3.0
stars,4.3.0
stringi,4.3.0
stringr,4.3.0
styler,4.3.0
sys,4.3.1
systemfonts,4.3.0
testthat,4.3.0
textshaping,4.3.0
tibble,4.3.1
tidygraph,4.3.0
tidyr,4.3.1
tidyselect,4.3.1
timechange,4.3.0
tinytex,4.3.0
tweenr,4.3.1
tzdb,4.3.0
units,4.3.0
urlchecker,4.3.0
usethis,4.3.0
utf8,4.3.1
uuid,4.3.0
V8,4.3.0
vctrs,4.3.0
viridis,4.3.1
viridisLite,4.3.1
vroom,4.3.0
waldo,4.3.0
whisker,4.3.0
whoami,4.3.0
withr,4.3.0
wk,4.3.0
xfun,4.3.0
xml2,4.3.0
xmlparsedata,4.3.0
xopen,4.3.0
xtable,4.3.0
yaml,4.3.0
zip,4.3.0
